Country Name,Attribute,Value
Aruba,2010,101665
Aruba,2011,102050
Aruba,2012,102565
Aruba,2013,103165
Aruba,2014,103776
Aruba,2015,104339
Aruba,2016,104865
Aruba,2017,105361
Aruba,2018,105846
Aruba,2019,106310
Aruba,2020,106766
Africa Eastern and Southern,2010,518468229
Africa Eastern and Southern,2011,532760424
Africa Eastern and Southern,2012,547482863
Africa Eastern and Southern,2013,562601578
Africa Eastern and Southern,2014,578075373
Africa Eastern and Southern,2015,593871847
Africa Eastern and Southern,2016,609978946
Africa Eastern and Southern,2017,626392880
Africa Eastern and Southern,2018,643090131
Africa Eastern and Southern,2019,660046272
Africa Eastern and Southern,2020,677243299
Afghanistan,2010,29185511
Afghanistan,2011,30117411
Afghanistan,2012,31161378
Afghanistan,2013,32269592
Afghanistan,2014,33370804
Afghanistan,2015,34413603
Afghanistan,2016,35383028
Afghanistan,2017,36296111
Afghanistan,2018,37171922
Afghanistan,2019,38041757
Afghanistan,2020,38928341
Africa Western and Central,2010,350556886
Africa Western and Central,2011,360285439
Africa Western and Central,2012,370243017
Africa Western and Central,2013,380437896
Africa Western and Central,2014,390882979
Africa Western and Central,2015,401586651
Africa Western and Central,2016,412551299
Africa Western and Central,2017,423769930
Africa Western and Central,2018,435229381
Africa Western and Central,2019,446911598
Africa Western and Central,2020,458803476
Angola,2010,23356247
Angola,2011,24220660
Angola,2012,25107925
Angola,2013,26015786
Angola,2014,26941773
Angola,2015,27884380
Angola,2016,28842482
Angola,2017,29816769
Angola,2018,30809787
Angola,2019,31825299
Angola,2020,32866268
Albania,2010,2913021
Albania,2011,2905195
Albania,2012,2900401
Albania,2013,2895092
Albania,2014,2889104
Albania,2015,2880703
Albania,2016,2876101
Albania,2017,2873457
Albania,2018,2866376
Albania,2019,2854191
Albania,2020,2837743
Andorra,2010,84454
Andorra,2011,83748
Andorra,2012,82427
Andorra,2013,80770
Andorra,2014,79213
Andorra,2015,77993
Andorra,2016,77295
Andorra,2017,76997
Andorra,2018,77008
Andorra,2019,77146
Andorra,2020,77265
Arab World,2010,354890097
Arab World,2011,363156846
Arab World,2012,371437642
Arab World,2013,379696477
Arab World,2014,387899835
Arab World,2015,396028301
Arab World,2016,404042892
Arab World,2017,411942825
Arab World,2018,419851989
Arab World,2019,427870273
Arab World,2020,436080728
United Arab Emirates,2010,8549998
United Arab Emirates,2011,8946778
United Arab Emirates,2012,9141598
United Arab Emirates,2013,9197908
United Arab Emirates,2014,9214182
United Arab Emirates,2015,9262896
United Arab Emirates,2016,9360975
United Arab Emirates,2017,9487206
United Arab Emirates,2018,9630966
United Arab Emirates,2019,9770526
United Arab Emirates,2020,9890400
Argentina,2010,40788453
Argentina,2011,41261490
Argentina,2012,41733271
Argentina,2013,42202935
Argentina,2014,42669500
Argentina,2015,43131966
Argentina,2016,43590368
Argentina,2017,44044811
Argentina,2018,44494502
Argentina,2019,44938712
Argentina,2020,45376763
Armenia,2010,2877314
Armenia,2011,2876536
Armenia,2012,2884239
Armenia,2013,2897593
Armenia,2014,2912403
Armenia,2015,2925559
Armenia,2016,2936147
Armenia,2017,2944789
Armenia,2018,2951741
Armenia,2019,2957728
Armenia,2020,2963234
American Samoa,2010,56084
American Samoa,2011,55755
American Samoa,2012,55669
American Samoa,2013,55717
American Samoa,2014,55791
American Samoa,2015,55806
American Samoa,2016,55739
American Samoa,2017,55617
American Samoa,2018,55461
American Samoa,2019,55312
American Samoa,2020,55197
Antigua and Barbuda,2010,88030
Antigua and Barbuda,2011,89250
Antigua and Barbuda,2012,90407
Antigua and Barbuda,2013,91510
Antigua and Barbuda,2014,92562
Antigua and Barbuda,2015,93571
Antigua and Barbuda,2016,94520
Antigua and Barbuda,2017,95425
Antigua and Barbuda,2018,96282
Antigua and Barbuda,2019,97115
Antigua and Barbuda,2020,97928
Australia,2010,22031750
Australia,2011,22340024
Australia,2012,22733465
Australia,2013,23128129
Australia,2014,23475686
Australia,2015,23815995
Australia,2016,24190907
Australia,2017,24601860
Australia,2018,24982688
Australia,2019,25365745
Australia,2020,25687041
Austria,2010,8363404
Austria,2011,8391643
Austria,2012,8429991
Austria,2013,8479823
Austria,2014,8546356
Austria,2015,8642699
Austria,2016,8736668
Austria,2017,8797566
Austria,2018,8840521
Austria,2019,8879920
Austria,2020,8917205
Azerbaijan,2010,9054332
Azerbaijan,2011,9173082
Azerbaijan,2012,9295784
Azerbaijan,2013,9416801
Azerbaijan,2014,9535079
Azerbaijan,2015,9649341
Azerbaijan,2016,9757812
Azerbaijan,2017,9854033
Azerbaijan,2018,9939771
Azerbaijan,2019,10024283
Azerbaijan,2020,10110116
Burundi,2010,8675606
Burundi,2011,8958406
Burundi,2012,9245992
Burundi,2013,9540302
Burundi,2014,9844301
Burundi,2015,10160034
Burundi,2016,10488002
Burundi,2017,10827010
Burundi,2018,11175379
Burundi,2019,11530577
Burundi,2020,11890781
Belgium,2010,10895586
Belgium,2011,11038264
Belgium,2012,11106932
Belgium,2013,11159407
Belgium,2014,11209057
Belgium,2015,11274196
Belgium,2016,11331422
Belgium,2017,11375158
Belgium,2018,11427054
Belgium,2019,11488980
Belgium,2020,11555997
Benin,2010,9199254
Benin,2011,9460829
Benin,2012,9729254
Benin,2013,10004594
Benin,2014,10286839
Benin,2015,10575962
Benin,2016,10872072
Benin,2017,11175192
Benin,2018,11485035
Benin,2019,11801151
Benin,2020,12123198
Burkina Faso,2010,15605211
Burkina Faso,2011,16081915
Burkina Faso,2012,16571252
Burkina Faso,2013,17072791
Burkina Faso,2014,17586029
Burkina Faso,2015,18110616
Burkina Faso,2016,18646350
Burkina Faso,2017,19193236
Burkina Faso,2018,19751466
Burkina Faso,2019,20321383
Burkina Faso,2020,20903278
Bangladesh,2010,147575433
Bangladesh,2011,149273134
Bangladesh,2012,151005733
Bangladesh,2013,152761413
Bangladesh,2014,154517385
Bangladesh,2015,156256287
Bangladesh,2016,157977151
Bangladesh,2017,159685421
Bangladesh,2018,161376713
Bangladesh,2019,163046173
Bangladesh,2020,164689383
Bulgaria,2010,7395599
Bulgaria,2011,7348328
Bulgaria,2012,7305888
Bulgaria,2013,7265115
Bulgaria,2014,7223938
Bulgaria,2015,7177991
Bulgaria,2016,7127822
Bulgaria,2017,7075947
Bulgaria,2018,7025037
Bulgaria,2019,6975761
Bulgaria,2020,6927288
Bahrain,2010,1240864
Bahrain,2011,1278153
Bahrain,2012,1299942
Bahrain,2013,1315029
Bahrain,2014,1336073
Bahrain,2015,1371853
Bahrain,2016,1425793
Bahrain,2017,1494077
Bahrain,2018,1569440
Bahrain,2019,1641164
Bahrain,2020,1701583
"Bahamas, The",2010,354936
"Bahamas, The",2011,359583
"Bahamas, The",2012,363581
"Bahamas, The",2013,367162
"Bahamas, The",2014,370625
"Bahamas, The",2015,374200
"Bahamas, The",2016,377923
"Bahamas, The",2017,381749
"Bahamas, The",2018,385635
"Bahamas, The",2019,389486
"Bahamas, The",2020,393248
Bosnia and Herzegovina,2010,3705478
Bosnia and Herzegovina,2011,3661173
Bosnia and Herzegovina,2012,3604972
Bosnia and Herzegovina,2013,3542598
Bosnia and Herzegovina,2014,3482106
Bosnia and Herzegovina,2015,3429362
Bosnia and Herzegovina,2016,3386263
Bosnia and Herzegovina,2017,3351534
Bosnia and Herzegovina,2018,3323929
Bosnia and Herzegovina,2019,3300998
Bosnia and Herzegovina,2020,3280815
Belarus,2010,9490583
Belarus,2011,9473172
Belarus,2012,9464495
Belarus,2013,9465997
Belarus,2014,9474511
Belarus,2015,9489616
Belarus,2016,9501534
Belarus,2017,9498264
Belarus,2018,9483499
Belarus,2019,9417849
Belarus,2020,9398861
Belize,2010,322465
Belize,2011,330236
Belize,2012,338001
Belize,2013,345707
Belize,2014,353366
Belize,2015,360926
Belize,2016,368399
Belize,2017,375775
Belize,2018,383071
Belize,2019,390351
Belize,2020,397621
Bermuda,2010,65124
Bermuda,2011,64564
Bermuda,2012,64798
Bermuda,2013,65001
Bermuda,2014,65138
Bermuda,2015,65237
Bermuda,2016,64554
Bermuda,2017,63873
Bermuda,2018,63919
Bermuda,2019,63913
Bermuda,2020,63903
Bolivia,2010,10048597
Bolivia,2011,10212951
Bolivia,2012,10377677
Bolivia,2013,10542375
Bolivia,2014,10706517
Bolivia,2015,10869732
Bolivia,2016,11031822
Bolivia,2017,11192853
Bolivia,2018,11353140
Bolivia,2019,11513102
Bolivia,2020,11673029
Brazil,2010,195713637
Brazil,2011,197514541
Brazil,2012,199287292
Brazil,2013,201035904
Brazil,2014,202763744
Brazil,2015,204471759
Brazil,2016,206163056
Brazil,2017,207833825
Brazil,2018,209469320
Brazil,2019,211049519
Brazil,2020,212559409
Barbados,2010,282131
Barbados,2011,282987
Barbados,2012,283698
Barbados,2013,284294
Barbados,2014,284825
Barbados,2015,285327
Barbados,2016,285798
Barbados,2017,286229
Barbados,2018,286640
Barbados,2019,287021
Barbados,2020,287371
Brunei Darussalam,2010,388634
Brunei Darussalam,2011,393687
Brunei Darussalam,2012,398997
Brunei Darussalam,2013,404414
Brunei Darussalam,2014,409778
Brunei Darussalam,2015,414914
Brunei Darussalam,2016,419791
Brunei Darussalam,2017,424481
Brunei Darussalam,2018,428960
Brunei Darussalam,2019,433296
Brunei Darussalam,2020,437483
Bhutan,2010,685502
Bhutan,2011,693297
Bhutan,2012,701582
Bhutan,2013,710235
Bhutan,2014,719053
Bhutan,2015,727885
Bhutan,2016,736706
Bhutan,2017,745563
Bhutan,2018,754396
Bhutan,2019,763094
Bhutan,2020,771612
Botswana,2010,1987106
Botswana,2011,2015406
Botswana,2012,2039551
Botswana,2013,2062551
Botswana,2014,2088619
Botswana,2015,2120716
Botswana,2016,2159925
Botswana,2017,2205076
Botswana,2018,2254067
Botswana,2019,2303703
Botswana,2020,2351625
Central African Republic,2010,4386765
Central African Republic,2011,4418639
Central African Republic,2012,4436411
Central African Republic,2013,4447945
Central African Republic,2014,4464171
Central African Republic,2015,4493171
Central African Republic,2016,4537683
Central African Republic,2017,4596023
Central African Republic,2018,4666375
Central African Republic,2019,4745179
Central African Republic,2020,4829764
Canada,2010,34004889
Canada,2011,34339328
Canada,2012,34714222
Canada,2013,35082954
Canada,2014,35437435
Canada,2015,35702908
Canada,2016,36109487
Canada,2017,36545295
Canada,2018,37065178
Canada,2019,37593384
Canada,2020,38005238
Central Europe and the Baltics,2010,104421447
Central Europe and the Baltics,2011,104174038
Central Europe and the Baltics,2012,103935318
Central Europe and the Baltics,2013,103713726
Central Europe and the Baltics,2014,103496179
Central Europe and the Baltics,2015,103257886
Central Europe and the Baltics,2016,102994278
Central Europe and the Baltics,2017,102740078
Central Europe and the Baltics,2018,102538451
Central Europe and the Baltics,2019,102398537
Central Europe and the Baltics,2020,102246330
Switzerland,2010,7824909
Switzerland,2011,7912398
Switzerland,2012,7996861
Switzerland,2013,8089346
Switzerland,2014,8188649
Switzerland,2015,8282396
Switzerland,2016,8373338
Switzerland,2017,8451840
Switzerland,2018,8514329
Switzerland,2019,8575280
Switzerland,2020,8636896
Channel Islands,2010,159718
Channel Islands,2011,160990
Channel Islands,2012,162051
Channel Islands,2013,163039
Channel Islands,2014,164107
Channel Islands,2015,165387
Channel Islands,2016,166922
Channel Islands,2017,168666
Channel Islands,2018,170496
Channel Islands,2019,172264
Channel Islands,2020,173859
Chile,2010,17062531
Chile,2011,17233584
Chile,2012,17400359
Chile,2013,17571511
Chile,2014,17758969
Chile,2015,17969356
Chile,2016,18209072
Chile,2017,18470435
Chile,2018,18729166
Chile,2019,18952035
Chile,2020,19116209
China,2010,1337705000
China,2011,1344130000
China,2012,1350695000
China,2013,1357380000
China,2014,1364270000
China,2015,1371220000
China,2016,1378665000
China,2017,1386395000
China,2018,1392730000
China,2019,1397715000
China,2020,1402112000
Cote d'Ivoire,2010,20532944
Cote d'Ivoire,2011,21028652
Cote d'Ivoire,2012,21547188
Cote d'Ivoire,2013,22087506
Cote d'Ivoire,2014,22647672
Cote d'Ivoire,2015,23226148
Cote d'Ivoire,2016,23822726
Cote d'Ivoire,2017,24437475
Cote d'Ivoire,2018,25069226
Cote d'Ivoire,2019,25716554
Cote d'Ivoire,2020,26378275
Cameroon,2010,20341236
Cameroon,2011,20906392
Cameroon,2012,21485267
Cameroon,2013,22077300
Cameroon,2014,22681853
Cameroon,2015,23298376
Cameroon,2016,23926549
Cameroon,2017,24566070
Cameroon,2018,25216261
Cameroon,2019,25876387
Cameroon,2020,26545864
"Congo, Dem. Rep.",2010,64563853
"Congo, Dem. Rep.",2011,66755151
"Congo, Dem. Rep.",2012,69020749
"Congo, Dem. Rep.",2013,71358804
"Congo, Dem. Rep.",2014,73767445
"Congo, Dem. Rep.",2015,76244532
"Congo, Dem. Rep.",2016,78789130
"Congo, Dem. Rep.",2017,81398765
"Congo, Dem. Rep.",2018,84068092
"Congo, Dem. Rep.",2019,86790568
"Congo, Dem. Rep.",2020,89561404
"Congo, Rep.",2010,4273738
"Congo, Rep.",2011,4394842
"Congo, Rep.",2012,4510197
"Congo, Rep.",2013,4622757
"Congo, Rep.",2014,4736965
"Congo, Rep.",2015,4856093
"Congo, Rep.",2016,4980996
"Congo, Rep.",2017,5110701
"Congo, Rep.",2018,5244363
"Congo, Rep.",2019,5380504
"Congo, Rep.",2020,5518092
Colombia,2010,45222699
Colombia,2011,45662747
Colombia,2012,46075721
Colombia,2013,46495492
Colombia,2014,46967706
Colombia,2015,47520667
Colombia,2016,48175048
Colombia,2017,48909844
Colombia,2018,49661056
Colombia,2019,50339443
Colombia,2020,50882884
Comoros,2010,689696
Comoros,2011,706578
Comoros,2012,723865
Comoros,2013,741511
Comoros,2014,759390
Comoros,2015,777435
Comoros,2016,795597
Comoros,2017,813890
Comoros,2018,832322
Comoros,2019,850891
Comoros,2020,869595
Cabo Verde,2010,492644
Cabo Verde,2011,498858
Cabo Verde,2012,505241
Cabo Verde,2013,511740
Cabo Verde,2014,518276
Cabo Verde,2015,524740
Cabo Verde,2016,531140
Cabo Verde,2017,537499
Cabo Verde,2018,543764
Cabo Verde,2019,549936
Cabo Verde,2020,555988
Costa Rica,2010,4577371
Costa Rica,2011,4633086
Costa Rica,2012,4688003
Costa Rica,2013,4742111
Costa Rica,2014,4795390
Costa Rica,2015,4847805
Costa Rica,2016,4899336
Costa Rica,2017,4949955
Costa Rica,2018,4999443
Costa Rica,2019,5047561
Costa Rica,2020,5094114
Caribbean small states,2010,6973193
Caribbean small states,2011,7022367
Caribbean small states,2012,7072640
Caribbean small states,2013,7123315
Caribbean small states,2014,7173443
Caribbean small states,2015,7222197
Caribbean small states,2016,7269385
Caribbean small states,2017,7314956
Caribbean small states,2018,7358929
Caribbean small states,2019,7401389
Caribbean small states,2020,7442291
Cuba,2010,11225833
Cuba,2011,11236671
Cuba,2012,11257112
Cuba,2013,11282722
Cuba,2014,11306909
Cuba,2015,11324777
Cuba,2016,11335108
Cuba,2017,11339255
Cuba,2018,11338146
Cuba,2019,11333484
Cuba,2020,11326616
Curacao,2010,148703
Curacao,2011,150831
Curacao,2012,152088
Curacao,2013,153822
Curacao,2014,155909
Curacao,2015,157980
Curacao,2016,159664
Curacao,2017,160175
Curacao,2018,159336
Curacao,2019,157441
Curacao,2020,155014
Cayman Islands,2010,56672
Cayman Islands,2011,57877
Cayman Islands,2012,58963
Cayman Islands,2013,59933
Cayman Islands,2014,60848
Cayman Islands,2015,61721
Cayman Islands,2016,62564
Cayman Islands,2017,63382
Cayman Islands,2018,64172
Cayman Islands,2019,64948
Cayman Islands,2020,65720
Cyprus,2010,1112617
Cyprus,2011,1124837
Cyprus,2012,1135046
Cyprus,2013,1143866
Cyprus,2014,1152297
Cyprus,2015,1160987
Cyprus,2016,1170189
Cyprus,2017,1179685
Cyprus,2018,1189262
Cyprus,2019,1198574
Cyprus,2020,1207361
Czech Republic,2010,10474410
Czech Republic,2011,10496088
Czech Republic,2012,10510785
Czech Republic,2013,10514272
Czech Republic,2014,10525347
Czech Republic,2015,10546059
Czech Republic,2016,10566332
Czech Republic,2017,10594438
Czech Republic,2018,10629928
Czech Republic,2019,10671870
Czech Republic,2020,10698896
Germany,2010,81776930
Germany,2011,80274983
Germany,2012,80425823
Germany,2013,80645605
Germany,2014,80982500
Germany,2015,81686611
Germany,2016,82348669
Germany,2017,82657002
Germany,2018,82905782
Germany,2019,83092962
Germany,2020,83240525
Djibouti,2010,840194
Djibouti,2011,853671
Djibouti,2012,868136
Djibouti,2013,883296
Djibouti,2014,898707
Djibouti,2015,913998
Djibouti,2016,929117
Djibouti,2017,944100
Djibouti,2018,958923
Djibouti,2019,973557
Djibouti,2020,988002
Dominica,2010,70877
Dominica,2011,70912
Dominica,2012,70954
Dominica,2013,71019
Dominica,2014,71091
Dominica,2015,71175
Dominica,2016,71307
Dominica,2017,71460
Dominica,2018,71626
Dominica,2019,71808
Dominica,2020,71991
Denmark,2010,5547683
Denmark,2011,5570572
Denmark,2012,5591572
Denmark,2013,5614932
Denmark,2014,5643475
Denmark,2015,5683483
Denmark,2016,5728010
Denmark,2017,5764980
Denmark,2018,5793636
Denmark,2019,5814422
Denmark,2020,5831404
Dominican Republic,2010,9695117
Dominican Republic,2011,9813219
Dominican Republic,2012,9930916
Dominican Republic,2013,10048226
Dominican Republic,2014,10165182
Dominican Republic,2015,10281675
Dominican Republic,2016,10397738
Dominican Republic,2017,10513111
Dominican Republic,2018,10627147
Dominican Republic,2019,10738957
Dominican Republic,2020,10847904
Algeria,2010,35977451
Algeria,2011,36661438
Algeria,2012,37383899
Algeria,2013,38140135
Algeria,2014,38923688
Algeria,2015,39728020
Algeria,2016,40551398
Algeria,2017,41389174
Algeria,2018,42228415
Algeria,2019,43053054
Algeria,2020,43851043
East Asia & Pacific (excluding high income),2010,1965954326
East Asia & Pacific (excluding high income),2011,1980035204
East Asia & Pacific (excluding high income),2012,1994389913
East Asia & Pacific (excluding high income),2013,2008919318
East Asia & Pacific (excluding high income),2014,2023595907
East Asia & Pacific (excluding high income),2015,2038190024
East Asia & Pacific (excluding high income),2016,2053107304
East Asia & Pacific (excluding high income),2017,2068150870
East Asia & Pacific (excluding high income),2018,2081650327
East Asia & Pacific (excluding high income),2019,2093675075
East Asia & Pacific (excluding high income),2020,2105003391
Early-demographic dividend,2010,2907916947
Early-demographic dividend,2011,2951423688
Early-demographic dividend,2012,2994346938
Early-demographic dividend,2013,3037084158
Early-demographic dividend,2014,3079685581
Early-demographic dividend,2015,3122156833
Early-demographic dividend,2016,3164439749
Early-demographic dividend,2017,3206485623
Early-demographic dividend,2018,3248413593
Early-demographic dividend,2019,3290291029
Early-demographic dividend,2020,3332105361
East Asia & Pacific,2010,2206884622
East Asia & Pacific,2011,2221672723
East Asia & Pacific,2012,2236817711
East Asia & Pacific,2013,2252044491
East Asia & Pacific,2014,2267485985
East Asia & Pacific,2015,2282863725
East Asia & Pacific,2016,2298500738
East Asia & Pacific,2017,2314112848
East Asia & Pacific,2018,2328193462
East Asia & Pacific,2019,2340673749
East Asia & Pacific,2020,2352037717
Europe & Central Asia (excluding high income),2010,398082642
Europe & Central Asia (excluding high income),2011,400311983
Europe & Central Asia (excluding high income),2012,402565848
Europe & Central Asia (excluding high income),2013,405069376
Europe & Central Asia (excluding high income),2014,407567142
Europe & Central Asia (excluding high income),2015,410111294
Europe & Central Asia (excluding high income),2016,412578888
Europe & Central Asia (excluding high income),2017,414892969
Europe & Central Asia (excluding high income),2018,416931527
Europe & Central Asia (excluding high income),2019,418760880
Europe & Central Asia (excluding high income),2020,420249459
Europe & Central Asia,2010,887926793
Europe & Central Asia,2011,890162077
Europe & Central Asia,2012,893786694
Europe & Central Asia,2013,898057341
Europe & Central Asia,2014,902404181
Europe & Central Asia,2015,906707413
Europe & Central Asia,2016,910910900
Europe & Central Asia,2017,914655081
Europe & Central Asia,2018,918082509
Europe & Central Asia,2019,920809471
Europe & Central Asia,2020,923489941
Ecuador,2010,15011114
Ecuador,2011,15243885
Ecuador,2012,15474099
Ecuador,2013,15707473
Ecuador,2014,15951832
Ecuador,2015,16212022
Ecuador,2016,16491116
Ecuador,2017,16785356
Ecuador,2018,17084359
Ecuador,2019,17373657
Ecuador,2020,17643060
"Egypt, Arab Rep.",2010,82761244
"Egypt, Arab Rep.",2011,84529251
"Egypt, Arab Rep.",2012,86422240
"Egypt, Arab Rep.",2013,88404652
"Egypt, Arab Rep.",2014,90424668
"Egypt, Arab Rep.",2015,92442549
"Egypt, Arab Rep.",2016,94447071
"Egypt, Arab Rep.",2017,96442590
"Egypt, Arab Rep.",2018,98423602
"Egypt, Arab Rep.",2019,100388076
"Egypt, Arab Rep.",2020,102334403
Euro area,2010,336151482
Euro area,2011,335419656
Euro area,2012,336159199
Euro area,2013,337302111
Euro area,2014,338462234
Euro area,2015,339488382
Euro area,2016,340481755
Euro area,2017,341217243
Euro area,2018,341979171
Euro area,2019,342282081
Euro area,2020,342949773
Eritrea,2010,3170437
Eritrea,2011,3213969
Eritrea,2012,0
Eritrea,2013,0
Eritrea,2014,0
Eritrea,2015,0
Eritrea,2016,0
Eritrea,2017,0
Eritrea,2018,0
Eritrea,2019,0
Eritrea,2020,0
Spain,2010,46576897
Spain,2011,46742697
Spain,2012,46773055
Spain,2013,46620045
Spain,2014,46480882
Spain,2015,46444832
Spain,2016,46484062
Spain,2017,46593236
Spain,2018,46797754
Spain,2019,47133521
Spain,2020,47351567
Estonia,2010,1331475
Estonia,2011,1327439
Estonia,2012,1322696
Estonia,2013,1317997
Estonia,2014,1314545
Estonia,2015,1315407
Estonia,2016,1315790
Estonia,2017,1317384
Estonia,2018,1321977
Estonia,2019,1326898
Estonia,2020,1331057
Ethiopia,2010,87639962
Ethiopia,2011,90139928
Ethiopia,2012,92726982
Ethiopia,2013,95385793
Ethiopia,2014,98094264
Ethiopia,2015,100835453
Ethiopia,2016,103603461
Ethiopia,2017,106399926
Ethiopia,2018,109224410
Ethiopia,2019,112078727
Ethiopia,2020,114963583
European Union,2010,441532415
European Union,2011,440746989
European Union,2012,441395937
European Union,2013,442469469
European Union,2014,443576675
European Union,2015,444543761
European Union,2016,445487730
European Union,2017,446186344
European Union,2018,446915113
European Union,2019,447196538
European Union,2020,447794691
Fragile and conflict affected situations,2010,735448194
Fragile and conflict affected situations,2011,753858934
Fragile and conflict affected situations,2012,772742559
Fragile and conflict affected situations,2013,791943328
Fragile and conflict affected situations,2014,811249811
Fragile and conflict affected situations,2015,830536041
Fragile and conflict affected situations,2016,849739853
Fragile and conflict affected situations,2017,868954263
Fragile and conflict affected situations,2018,888488369
Fragile and conflict affected situations,2019,908739462
Fragile and conflict affected situations,2020,930006546
Finland,2010,5363352
Finland,2011,5388272
Finland,2012,5413971
Finland,2013,5438972
Finland,2014,5461512
Finland,2015,5479531
Finland,2016,5495303
Finland,2017,5508214
Finland,2018,5515525
Finland,2019,5521606
Finland,2020,5530719
Fiji,2010,859816
Fiji,2011,863451
Fiji,2012,865065
Fiji,2013,865602
Fiji,2014,866447
Fiji,2015,868632
Fiji,2016,872406
Fiji,2017,877460
Fiji,2018,883490
Fiji,2019,889955
Fiji,2020,896444
France,2010,65027505
France,2011,65342789
France,2012,65659814
France,2013,65998685
France,2014,66312067
France,2015,66548272
France,2016,66724104
France,2017,66918020
France,2018,67101930
France,2019,67248926
France,2020,67391582
Faroe Islands,2010,47803
Faroe Islands,2011,47815
Faroe Islands,2012,47843
Faroe Islands,2013,47901
Faroe Islands,2014,47965
Faroe Islands,2015,48055
Faroe Islands,2016,48173
Faroe Islands,2017,48326
Faroe Islands,2018,48497
Faroe Islands,2019,48677
Faroe Islands,2020,48865
"Micronesia, Fed. Sts.",2010,102916
"Micronesia, Fed. Sts.",2011,103448
"Micronesia, Fed. Sts.",2012,104506
"Micronesia, Fed. Sts.",2013,105922
"Micronesia, Fed. Sts.",2014,107444
"Micronesia, Fed. Sts.",2015,108886
"Micronesia, Fed. Sts.",2016,110215
"Micronesia, Fed. Sts.",2017,111461
"Micronesia, Fed. Sts.",2018,112640
"Micronesia, Fed. Sts.",2019,113811
"Micronesia, Fed. Sts.",2020,115021
Gabon,2010,1624146
Gabon,2011,1684629
Gabon,2012,1749677
Gabon,2013,1817070
Gabon,2014,1883801
Gabon,2015,1947690
Gabon,2016,2007882
Gabon,2017,2064812
Gabon,2018,2119275
Gabon,2019,2172578
Gabon,2020,2225728
United Kingdom,2010,62766365
United Kingdom,2011,63258810
United Kingdom,2012,63700215
United Kingdom,2013,64128273
United Kingdom,2014,64602298
United Kingdom,2015,65116219
United Kingdom,2016,65611593
United Kingdom,2017,66058859
United Kingdom,2018,66460344
United Kingdom,2019,66836327
United Kingdom,2020,67215293
Georgia,2010,3786695
Georgia,2011,3756441
Georgia,2012,3728874
Georgia,2013,3717668
Georgia,2014,3719414
Georgia,2015,3725276
Georgia,2016,3727505
Georgia,2017,3728004
Georgia,2018,3726549
Georgia,2019,3720161
Georgia,2020,3714000
Ghana,2010,24779614
Ghana,2011,25387713
Ghana,2012,25996454
Ghana,2013,26607641
Ghana,2014,27224480
Ghana,2015,27849203
Ghana,2016,28481947
Ghana,2017,29121464
Ghana,2018,29767108
Ghana,2019,30417858
Ghana,2020,31072945
Gibraltar,2010,33585
Gibraltar,2011,33608
Gibraltar,2012,33653
Gibraltar,2013,33694
Gibraltar,2014,33726
Gibraltar,2015,33742
Gibraltar,2016,33738
Gibraltar,2017,33723
Gibraltar,2018,33715
Gibraltar,2019,33706
Gibraltar,2020,33691
Guinea,2010,10192168
Guinea,2011,10420459
Guinea,2012,10652032
Guinea,2013,10892821
Guinea,2014,11150970
Guinea,2015,11432096
Guinea,2016,11738434
Guinea,2017,12067516
Guinea,2018,12414292
Guinea,2019,12771246
Guinea,2020,13132792
"Gambia, The",2010,1793199
"Gambia, The",2011,1848142
"Gambia, The",2012,1905020
"Gambia, The",2013,1963708
"Gambia, The",2014,2024037
"Gambia, The",2015,2085860
"Gambia, The",2016,2149134
"Gambia, The",2017,2213900
"Gambia, The",2018,2280092
"Gambia, The",2019,2347696
"Gambia, The",2020,2416664
Guinea-Bissau,2010,1522603
Guinea-Bissau,2011,1562996
Guinea-Bissau,2012,1604981
Guinea-Bissau,2013,1648259
Guinea-Bissau,2014,1692433
Guinea-Bissau,2015,1737207
Guinea-Bissau,2016,1782434
Guinea-Bissau,2017,1828146
Guinea-Bissau,2018,1874304
Guinea-Bissau,2019,1920917
Guinea-Bissau,2020,1967998
Equatorial Guinea,2010,943640
Equatorial Guinea,2011,986861
Equatorial Guinea,2012,1031191
Equatorial Guinea,2013,1076412
Equatorial Guinea,2014,1122273
Equatorial Guinea,2015,1168575
Equatorial Guinea,2016,1215181
Equatorial Guinea,2017,1262008
Equatorial Guinea,2018,1308966
Equatorial Guinea,2019,1355982
Equatorial Guinea,2020,1402985
Greece,2010,11121341
Greece,2011,11104899
Greece,2012,11045011
Greece,2013,10965211
Greece,2014,10892413
Greece,2015,10820883
Greece,2016,10775971
Greece,2017,10754679
Greece,2018,10732882
Greece,2019,10721582
Greece,2020,10715549
Grenada,2010,106227
Grenada,2011,106786
Grenada,2012,107452
Grenada,2013,108172
Grenada,2014,108900
Grenada,2015,109603
Grenada,2016,110263
Grenada,2017,110874
Grenada,2018,111449
Grenada,2019,112002
Grenada,2020,112519
Greenland,2010,56905
Greenland,2011,56890
Greenland,2012,56810
Greenland,2013,56483
Greenland,2014,56295
Greenland,2015,56114
Greenland,2016,56186
Greenland,2017,56172
Greenland,2018,56023
Greenland,2019,56225
Greenland,2020,56367
Guatemala,2010,14259687
Guatemala,2011,14521515
Guatemala,2012,14781942
Guatemala,2013,15043981
Guatemala,2014,15306316
Guatemala,2015,15567419
Guatemala,2016,15827690
Guatemala,2017,16087418
Guatemala,2018,16346950
Guatemala,2019,16604026
Guatemala,2020,16858333
Guam,2010,159439
Guam,2011,159690
Guam,2012,159990
Guam,2013,160415
Guam,2014,161007
Guam,2015,161851
Guam,2016,162948
Guam,2017,164281
Guam,2018,165770
Guam,2019,167295
Guam,2020,168783
Guyana,2010,749430
Guyana,2011,752029
Guyana,2012,755388
Guyana,2013,759281
Guyana,2014,763371
Guyana,2015,767433
Guyana,2016,771363
Guyana,2017,775218
Guyana,2018,779007
Guyana,2019,782775
Guyana,2020,786559
High income,2010,1154194529
High income,2011,1159642350
High income,2012,1166465944
High income,2013,1173351852
High income,2014,1180423771
High income,2015,1187317397
High income,2016,1194191812
High income,2017,1200273639
High income,2018,1205941621
High income,2019,1210795776
High income,2020,1214930230
"Hong Kong SAR, China",2010,7024200
"Hong Kong SAR, China",2011,7071600
"Hong Kong SAR, China",2012,7150100
"Hong Kong SAR, China",2013,7178900
"Hong Kong SAR, China",2014,7229500
"Hong Kong SAR, China",2015,7291300
"Hong Kong SAR, China",2016,7336600
"Hong Kong SAR, China",2017,7391700
"Hong Kong SAR, China",2018,7451000
"Hong Kong SAR, China",2019,7507400
"Hong Kong SAR, China",2020,7481800
Honduras,2010,8317467
Honduras,2011,8480670
Honduras,2012,8640692
Honduras,2013,8798524
Honduras,2014,8955579
Honduras,2015,9112904
Honduras,2016,9270794
Honduras,2017,9429016
Honduras,2018,9587523
Honduras,2019,9746115
Honduras,2020,9904608
Heavily indebted poor countries (HIPC),2010,624219296
Heavily indebted poor countries (HIPC),2011,641921373
Heavily indebted poor countries (HIPC),2012,660193919
Heavily indebted poor countries (HIPC),2013,679013004
Heavily indebted poor countries (HIPC),2014,698336663
Heavily indebted poor countries (HIPC),2015,718128408
Heavily indebted poor countries (HIPC),2016,738387077
Heavily indebted poor countries (HIPC),2017,759106118
Heavily indebted poor countries (HIPC),2018,780234453
Heavily indebted poor countries (HIPC),2019,801708019
Heavily indebted poor countries (HIPC),2020,823480038
Croatia,2010,4295427
Croatia,2011,4280622
Croatia,2012,4267558
Croatia,2013,4255689
Croatia,2014,4238389
Croatia,2015,4203604
Croatia,2016,4174349
Croatia,2017,4124531
Croatia,2018,4087843
Croatia,2019,4065253
Croatia,2020,4047200
Haiti,2010,9949318
Haiti,2011,10100320
Haiti,2012,10250922
Haiti,2013,10400672
Haiti,2014,10549007
Haiti,2015,10695540
Haiti,2016,10839976
Haiti,2017,10982367
Haiti,2018,11123183
Haiti,2019,11263079
Haiti,2020,11402533
Hungary,2010,10000023
Hungary,2011,9971727
Hungary,2012,9920362
Hungary,2013,9893082
Hungary,2014,9866468
Hungary,2015,9843028
Hungary,2016,9814023
Hungary,2017,9787966
Hungary,2018,9775564
Hungary,2019,9771141
Hungary,2020,9749763
IBRD only,2010,4427061950
IBRD only,2011,4471052457
IBRD only,2012,4515480155
IBRD only,2013,4560237588
IBRD only,2014,4604818094
IBRD only,2015,4648913836
IBRD only,2016,4692822905
IBRD only,2017,4736245535
IBRD only,2018,4777365115
IBRD only,2019,4816232592
IBRD only,2020,4853608684
IDA & IBRD total,2010,5792408567
IDA & IBRD total,2011,5867926277
IDA & IBRD total,2012,5943942309
IDA & IBRD total,2013,6020848836
IDA & IBRD total,2014,6098309666
IDA & IBRD total,2015,6176132700
IDA & IBRD total,2016,6254651557
IDA & IBRD total,2017,6333519283
IDA & IBRD total,2018,6410926655
IDA & IBRD total,2019,6486925157
IDA & IBRD total,2020,6562212357
IDA total,2010,1365346617
IDA total,2011,1396873820
IDA total,2012,1428462154
IDA total,2013,1460611248
IDA total,2014,1493491572
IDA total,2015,1527218864
IDA total,2016,1561828652
IDA total,2017,1597273748
IDA total,2018,1633561540
IDA total,2019,1670692565
IDA total,2020,1708603673
IDA blend,2010,456049577
IDA blend,2011,467267685
IDA blend,2012,478335316
IDA blend,2013,489624577
IDA blend,2014,501146189
IDA blend,2015,512877239
IDA blend,2016,524794580
IDA blend,2017,536871945
IDA blend,2018,549127807
IDA blend,2019,561571929
IDA blend,2020,574159138
Indonesia,2010,241834226
Indonesia,2011,245115988
Indonesia,2012,248451714
Indonesia,2013,251805314
Indonesia,2014,255128076
Indonesia,2015,258383257
Indonesia,2016,261556386
Indonesia,2017,264650969
Indonesia,2018,267670549
Indonesia,2019,270625567
Indonesia,2020,273523621
IDA only,2010,909297040
IDA only,2011,929606135
IDA only,2012,950126838
IDA only,2013,970986671
IDA only,2014,992345383
IDA only,2015,1014341625
IDA only,2016,1037034072
IDA only,2017,1060401803
IDA only,2018,1084433733
IDA only,2019,1109120636
IDA only,2020,1134444535
Isle of Man,2010,84856
Isle of Man,2011,84889
Isle of Man,2012,84534
Isle of Man,2013,83985
Isle of Man,2014,83488
Isle of Man,2015,83232
Isle of Man,2016,83296
Isle of Man,2017,83610
Isle of Man,2018,84073
Isle of Man,2019,84589
Isle of Man,2020,85032
India,2010,1234281163
India,2011,1250287939
India,2012,1265780243
India,2013,1280842119
India,2014,1295600768
India,2015,1310152392
India,2016,1324517250
India,2017,1338676779
India,2018,1352642283
India,2019,1366417756
India,2020,1380004385
Not classified,2010,0
Not classified,2011,0
Not classified,2012,0
Not classified,2013,0
Not classified,2014,0
Not classified,2015,0
Not classified,2016,0
Not classified,2017,0
Not classified,2018,0
Not classified,2019,0
Not classified,2020,0
Ireland,2010,4560155
Ireland,2011,4580084
Ireland,2012,4599533
Ireland,2013,4623816
Ireland,2014,4657740
Ireland,2015,4701957
Ireland,2016,4755335
Ireland,2017,4807388
Ireland,2018,4867316
Ireland,2019,4934340
Ireland,2020,4994724
"Iran, Islamic Rep.",2010,73762519
"Iran, Islamic Rep.",2011,74634959
"Iran, Islamic Rep.",2012,75539881
"Iran, Islamic Rep.",2013,76481963
"Iran, Islamic Rep.",2014,77465769
"Iran, Islamic Rep.",2015,78492208
"Iran, Islamic Rep.",2016,79563991
"Iran, Islamic Rep.",2017,80673888
"Iran, Islamic Rep.",2018,81800204
"Iran, Islamic Rep.",2019,82913893
"Iran, Islamic Rep.",2020,83992953
Iraq,2010,29741977
Iraq,2011,30725305
Iraq,2012,31890012
Iraq,2013,33157061
Iraq,2014,34411949
Iraq,2015,35572269
Iraq,2016,36610632
Iraq,2017,37552789
Iraq,2018,38433604
Iraq,2019,39309789
Iraq,2020,40222503
Iceland,2010,318041
Iceland,2011,319014
Iceland,2012,320716
Iceland,2013,323764
Iceland,2014,327386
Iceland,2015,330815
Iceland,2016,335439
Iceland,2017,343400
Iceland,2018,352721
Iceland,2019,360563
Iceland,2020,366425
Israel,2010,7623600
Israel,2011,7765800
Israel,2012,7910500
Israel,2013,8059500
Israel,2014,8215700
Israel,2015,8380100
Israel,2016,8546000
Israel,2017,8713300
Israel,2018,8882800
Israel,2019,9054000
Israel,2020,9216900
Italy,2010,59277417
Italy,2011,59379449
Italy,2012,59539717
Italy,2013,60233948
Italy,2014,60789140
Italy,2015,60730582
Italy,2016,60627498
Italy,2017,60536709
Italy,2018,60421760
Italy,2019,59729081
Italy,2020,59554023
Jamaica,2010,2810464
Jamaica,2011,2825932
Jamaica,2012,2842128
Jamaica,2013,2858710
Jamaica,2014,2875137
Jamaica,2015,2891024
Jamaica,2016,2906242
Jamaica,2017,2920848
Jamaica,2018,2934853
Jamaica,2019,2948277
Jamaica,2020,2961161
Jordan,2010,7261541
Jordan,2011,7662858
Jordan,2012,8089963
Jordan,2013,8518992
Jordan,2014,8918822
Jordan,2015,9266573
Jordan,2016,9554286
Jordan,2017,9785840
Jordan,2018,9965322
Jordan,2019,10101697
Jordan,2020,10203140
Japan,2010,128070000
Japan,2011,127833000
Japan,2012,127629000
Japan,2013,127445000
Japan,2014,127276000
Japan,2015,127141000
Japan,2016,126994511
Japan,2017,126785797
Japan,2018,126529100
Japan,2019,126264931
Japan,2020,125836021
Kazakhstan,2010,16321872
Kazakhstan,2011,16557202
Kazakhstan,2012,16792090
Kazakhstan,2013,17035551
Kazakhstan,2014,17288285
Kazakhstan,2015,17542806
Kazakhstan,2016,17794055
Kazakhstan,2017,18037776
Kazakhstan,2018,18276452
Kazakhstan,2019,18513673
Kazakhstan,2020,18754440
Kenya,2010,42030684
Kenya,2011,43178270
Kenya,2012,44343469
Kenya,2013,45519986
Kenya,2014,46700063
Kenya,2015,47878339
Kenya,2016,49051531
Kenya,2017,50221146
Kenya,2018,51392570
Kenya,2019,52573967
Kenya,2020,53771300
Kyrgyz Republic,2010,5447900
Kyrgyz Republic,2011,5514600
Kyrgyz Republic,2012,5607200
Kyrgyz Republic,2013,5719600
Kyrgyz Republic,2014,5835500
Kyrgyz Republic,2015,5956900
Kyrgyz Republic,2016,6079500
Kyrgyz Republic,2017,6198200
Kyrgyz Republic,2018,6322800
Kyrgyz Republic,2019,6456200
Kyrgyz Republic,2020,6591600
Cambodia,2010,14312205
Cambodia,2011,14541421
Cambodia,2012,14780454
Cambodia,2013,15026330
Cambodia,2014,15274506
Cambodia,2015,15521435
Cambodia,2016,15766290
Cambodia,2017,16009413
Cambodia,2018,16249795
Cambodia,2019,16486542
Cambodia,2020,16718971
Kiribati,2010,102930
Kiribati,2011,104735
Kiribati,2012,106359
Kiribati,2013,107887
Kiribati,2014,109387
Kiribati,2015,110927
Kiribati,2016,112529
Kiribati,2017,114153
Kiribati,2018,115842
Kiribati,2019,117608
Kiribati,2020,119446
St. Kitts and Nevis,2010,49011
St. Kitts and Nevis,2011,49442
St. Kitts and Nevis,2012,49881
St. Kitts and Nevis,2013,50328
St. Kitts and Nevis,2014,50776
St. Kitts and Nevis,2015,51204
St. Kitts and Nevis,2016,51629
St. Kitts and Nevis,2017,52036
St. Kitts and Nevis,2018,52438
St. Kitts and Nevis,2019,52834
St. Kitts and Nevis,2020,53192
"Korea, Rep.",2010,49554112
"Korea, Rep.",2011,49936638
"Korea, Rep.",2012,50199853
"Korea, Rep.",2013,50428893
"Korea, Rep.",2014,50746659
"Korea, Rep.",2015,51014947
"Korea, Rep.",2016,51217803
"Korea, Rep.",2017,51361911
"Korea, Rep.",2018,51606633
"Korea, Rep.",2019,51709098
"Korea, Rep.",2020,51780579
Kuwait,2010,2991884
Kuwait,2011,3168054
Kuwait,2012,3348852
Kuwait,2013,3526382
Kuwait,2014,3690939
Kuwait,2015,3835588
Kuwait,2016,3956862
Kuwait,2017,4056102
Kuwait,2018,4137314
Kuwait,2019,4207077
Kuwait,2020,4270563
Latin America & Caribbean (excluding high income),2010,534699518
Latin America & Caribbean (excluding high income),2011,540699864
Latin America & Caribbean (excluding high income),2012,546631449
Latin America & Caribbean (excluding high income),2013,552552130
Latin America & Caribbean (excluding high income),2014,558534202
Latin America & Caribbean (excluding high income),2015,564618410
Latin America & Caribbean (excluding high income),2016,570838477
Latin America & Caribbean (excluding high income),2017,577151682
Latin America & Caribbean (excluding high income),2018,583432088
Latin America & Caribbean (excluding high income),2019,589503742
Latin America & Caribbean (excluding high income),2020,595242966
Lao PDR,2010,6249168
Lao PDR,2011,6347564
Lao PDR,2012,6444527
Lao PDR,2013,6541302
Lao PDR,2014,6639763
Lao PDR,2015,6741160
Lao PDR,2016,6845848
Lao PDR,2017,6953031
Lao PDR,2018,7061498
Lao PDR,2019,7169456
Lao PDR,2020,7275556
Lebanon,2010,4953064
Lebanon,2011,5202022
Lebanon,2012,5537620
Lebanon,2013,5913016
Lebanon,2014,6261046
Lebanon,2015,6532681
Lebanon,2016,6714281
Lebanon,2017,6819373
Lebanon,2018,6859408
Lebanon,2019,6855709
Lebanon,2020,6825442
Liberia,2010,3891357
Liberia,2011,4017446
Liberia,2012,4135662
Liberia,2013,4248337
Liberia,2014,4359508
Liberia,2015,4472229
Liberia,2016,4586788
Liberia,2017,4702224
Liberia,2018,4818976
Liberia,2019,4937374
Liberia,2020,5057677
Libya,2010,6197667
Libya,2011,6247438
Libya,2012,6285751
Libya,2013,6320350
Libya,2014,6362039
Libya,2015,6418315
Libya,2016,6492160
Libya,2017,6580723
Libya,2018,6678565
Libya,2019,6777453
Libya,2020,6871287
St. Lucia,2010,174092
St. Lucia,2011,175538
St. Lucia,2012,176654
St. Lucia,2013,177505
St. Lucia,2014,178307
St. Lucia,2015,179131
St. Lucia,2016,180028
St. Lucia,2017,180955
St. Lucia,2018,181890
St. Lucia,2019,182795
St. Lucia,2020,183629
Latin America & Caribbean,2010,589932530
Latin America & Caribbean,2011,596538052
Latin America & Caribbean,2012,603094656
Latin America & Caribbean,2013,609595811
Latin America & Caribbean,2014,615999056
Latin America & Caribbean,2015,622301041
Latin America & Caribbean,2016,628493594
Latin America & Caribbean,2017,634566052
Latin America & Caribbean,2018,640483586
Latin America & Caribbean,2019,646430786
Latin America & Caribbean,2020,652276325
Least developed countries: UN classification,2010,836614841
Least developed countries: UN classification,2011,856471437
Least developed countries: UN classification,2012,876867234
Least developed countries: UN classification,2013,897793439
Least developed countries: UN classification,2014,919222955
Least developed countries: UN classification,2015,941131317
Least developed countries: UN classification,2016,963519718
Least developed countries: UN classification,2017,986385402
Least developed countries: UN classification,2018,1009691252
Least developed countries: UN classification,2019,1033388868
Least developed countries: UN classification,2020,1057438163
Low income,2010,513783318
Low income,2011,527467149
Low income,2012,541205688
Low income,2013,555116804
Low income,2014,569367413
Low income,2015,584084928
Low income,2016,599290280
Low income,2017,614965124
Low income,2018,631147232
Low income,2019,647870823
Low income,2020,665149035
Liechtenstein,2010,35996
Liechtenstein,2011,36299
Liechtenstein,2012,36615
Liechtenstein,2013,36940
Liechtenstein,2014,37219
Liechtenstein,2015,37465
Liechtenstein,2016,37655
Liechtenstein,2017,37805
Liechtenstein,2018,37918
Liechtenstein,2019,38020
Liechtenstein,2020,38137
Sri Lanka,2010,20261738
Sri Lanka,2011,20398496
Sri Lanka,2012,20425000
Sri Lanka,2013,20585000
Sri Lanka,2014,20778000
Sri Lanka,2015,20970000
Sri Lanka,2016,21203000
Sri Lanka,2017,21444000
Sri Lanka,2018,21670000
Sri Lanka,2019,21803000
Sri Lanka,2020,21919000
Lower middle income,2010,2878875404
Lower middle income,2011,2923659939
Lower middle income,2012,2968243908
Lower middle income,2013,3013187396
Lower middle income,2014,3058248975
Lower middle income,2015,3103569257
Lower middle income,2016,3149022555
Lower middle income,2017,3194517542
Lower middle income,2018,3240031866
Lower middle income,2019,3285416867
Lower middle income,2020,3330652547
Low & middle income,2010,5739242600
Low & middle income,2011,5814350691
Low & middle income,2012,5889963667
Low & middle income,2013,5966542299
Low & middle income,2014,6043826104
Low & middle income,2015,6121677430
Low & middle income,2016,6200441680
Low & middle income,2017,6279734109
Low & middle income,2018,6357646877
Low & middle income,2019,6434033786
Low & middle income,2020,6509474374
Lesotho,2010,1995575
Lesotho,2011,2003793
Lesotho,2012,2014988
Lesotho,2013,2028528
Lesotho,2014,2043448
Lesotho,2015,2059011
Lesotho,2016,2075041
Lesotho,2017,2091532
Lesotho,2018,2108327
Lesotho,2019,2125267
Lesotho,2020,2142252
Late-demographic dividend,2010,2180828802
Late-demographic dividend,2011,2193829487
Late-demographic dividend,2012,2206930121
Late-demographic dividend,2013,2220295172
Late-demographic dividend,2014,2233865679
Late-demographic dividend,2015,2247405366
Late-demographic dividend,2016,2261410364
Late-demographic dividend,2017,2275536083
Late-demographic dividend,2018,2287851415
Late-demographic dividend,2019,2298495924
Late-demographic dividend,2020,2307887395
Lithuania,2010,3097282
Lithuania,2011,3028115
Lithuania,2012,2987773
Lithuania,2013,2957689
Lithuania,2014,2932367
Lithuania,2015,2904910
Lithuania,2016,2868231
Lithuania,2017,2828403
Lithuania,2018,2801543
Lithuania,2019,2794137
Lithuania,2020,2794700
Luxembourg,2010,506953
Luxembourg,2011,518347
Luxembourg,2012,530946
Luxembourg,2013,543360
Luxembourg,2014,556319
Luxembourg,2015,569604
Luxembourg,2016,582014
Luxembourg,2017,596336
Luxembourg,2018,607950
Luxembourg,2019,620001
Luxembourg,2020,632275
Latvia,2010,2097555
Latvia,2011,2059709
Latvia,2012,2034319
Latvia,2013,2012647
Latvia,2014,1993782
Latvia,2015,1977527
Latvia,2016,1959537
Latvia,2017,1942248
Latvia,2018,1927174
Latvia,2019,1913822
Latvia,2020,1901548
"Macao SAR, China",2010,538215
"Macao SAR, China",2011,550833
"Macao SAR, China",2012,564037
"Macao SAR, China",2013,577368
"Macao SAR, China",2014,590210
"Macao SAR, China",2015,602093
"Macao SAR, China",2016,612824
"Macao SAR, China",2017,622578
"Macao SAR, China",2018,631633
"Macao SAR, China",2019,640446
"Macao SAR, China",2020,649342
St. Martin (French part),2010,37582
St. Martin (French part),2011,37451
St. Martin (French part),2012,37012
St. Martin (French part),2013,36458
St. Martin (French part),2014,36018
St. Martin (French part),2015,35865
St. Martin (French part),2016,36061
St. Martin (French part),2017,36569
St. Martin (French part),2018,37264
St. Martin (French part),2019,38002
St. Martin (French part),2020,38659
Morocco,2010,32343384
Morocco,2011,32781860
Morocco,2012,33241898
Morocco,2013,33715705
Morocco,2014,34192358
Morocco,2015,34663608
Morocco,2016,35126274
Morocco,2017,35581257
Morocco,2018,36029089
Morocco,2019,36471766
Morocco,2020,36910558
Monaco,2010,35609
Monaco,2011,36025
Monaco,2012,36459
Monaco,2013,36899
Monaco,2014,37320
Monaco,2015,37723
Monaco,2016,38070
Monaco,2017,38392
Monaco,2018,38682
Monaco,2019,38967
Monaco,2020,39244
Moldova,2010,2861487
Moldova,2011,2859833
Moldova,2012,2859458
Moldova,2013,2858692
Moldova,2014,2856950
Moldova,2015,2834530
Moldova,2016,2802170
Moldova,2017,2755158
Moldova,2018,2708214
Moldova,2019,2663251
Moldova,2020,2617820
Madagascar,2010,21151640
Madagascar,2011,21743970
Madagascar,2012,22346641
Madagascar,2013,22961259
Madagascar,2014,23589897
Madagascar,2015,24234080
Madagascar,2016,24894370
Madagascar,2017,25570511
Madagascar,2018,26262313
Madagascar,2019,26969306
Madagascar,2020,27691019
Maldives,2010,365730
Maldives,2011,380493
Maldives,2012,397231
Maldives,2013,415592
Maldives,2014,435018
Maldives,2015,454914
Maldives,2016,475505
Maldives,2017,496398
Maldives,2018,515704
Maldives,2019,530957
Maldives,2020,540542
Middle East & North Africa,2010,385917928
Middle East & North Africa,2011,393942668
Middle East & North Africa,2012,401968363
Middle East & North Africa,2013,409968633
Middle East & North Africa,2014,417924350
Middle East & North Africa,2015,425821771
Middle East & North Africa,2016,433616042
Middle East & North Africa,2017,441298977
Middle East & North Africa,2018,448974232
Middle East & North Africa,2019,456709496
Middle East & North Africa,2020,464554123
Mexico,2010,114092961
Mexico,2011,115695468
Mexico,2012,117274156
Mexico,2013,118827158
Mexico,2014,120355137
Mexico,2015,121858251
Mexico,2016,123333379
Mexico,2017,124777326
Mexico,2018,126190782
Mexico,2019,127575529
Mexico,2020,128932753
Marshall Islands,2010,56361
Marshall Islands,2011,56524
Marshall Islands,2012,56712
Marshall Islands,2013,56933
Marshall Islands,2014,57183
Marshall Islands,2015,57444
Marshall Islands,2016,57723
Marshall Islands,2017,58053
Marshall Islands,2018,58412
Marshall Islands,2019,58791
Marshall Islands,2020,59194
Middle income,2010,5225459282
Middle income,2011,5286883542
Middle income,2012,5348757979
Middle income,2013,5411425495
Middle income,2014,5474458691
Middle income,2015,5537592502
Middle income,2016,5601151400
Middle income,2017,5664768985
Middle income,2018,5726499645
Middle income,2019,5786162963
Middle income,2020,5844325339
North Macedonia,2010,2070737
North Macedonia,2011,2072484
North Macedonia,2012,2074275
North Macedonia,2013,2076065
North Macedonia,2014,2077780
North Macedonia,2015,2079335
North Macedonia,2016,2080746
North Macedonia,2017,2081996
North Macedonia,2018,2082957
North Macedonia,2019,2083458
North Macedonia,2020,2083380
Mali,2010,15049352
Mali,2011,15514593
Mali,2012,15979492
Mali,2013,16449854
Mali,2014,16934213
Mali,2015,17438772
Mali,2016,17965448
Mali,2017,18512429
Mali,2018,19077755
Mali,2019,19658023
Mali,2020,20250834
Malta,2010,414508
Malta,2011,416268
Malta,2012,420028
Malta,2013,425967
Malta,2014,434558
Malta,2015,445053
Malta,2016,455356
Malta,2017,467999
Malta,2018,484630
Malta,2019,504062
Malta,2020,525285
Myanmar,2010,50600827
Myanmar,2011,50990612
Myanmar,2012,51413703
Myanmar,2013,51852464
Myanmar,2014,52280816
Myanmar,2015,52680724
Myanmar,2016,53045199
Myanmar,2017,53382521
Myanmar,2018,53708318
Myanmar,2019,54045422
Myanmar,2020,54409794
Middle East & North Africa (excluding high income),2010,332777842
Middle East & North Africa (excluding high income),2011,338813060
Middle East & North Africa (excluding high income),2012,344998428
Middle East & North Africa (excluding high income),2013,351290405
Middle East & North Africa (excluding high income),2014,357629838
Middle East & North Africa (excluding high income),2015,363975556
Middle East & North Africa (excluding high income),2016,370294017
Middle East & North Africa (excluding high income),2017,376588457
Middle East & North Africa (excluding high income),2018,382955167
Middle East & North Africa (excluding high income),2019,389457075
Middle East & North Africa (excluding high income),2020,396147843
Montenegro,2010,619428
Montenegro,2011,620079
Montenegro,2012,620601
Montenegro,2013,621207
Montenegro,2014,621810
Montenegro,2015,622159
Montenegro,2016,622303
Montenegro,2017,622373
Montenegro,2018,622227
Montenegro,2019,622028
Montenegro,2020,621718
Mongolia,2010,2719902
Mongolia,2011,2770357
Mongolia,2012,2824698
Mongolia,2013,2881783
Mongolia,2014,2940111
Mongolia,2015,2998433
Mongolia,2016,3056358
Mongolia,2017,3113788
Mongolia,2018,3170214
Mongolia,2019,3225166
Mongolia,2020,3278292
Northern Mariana Islands,2010,53971
Northern Mariana Islands,2011,54013
Northern Mariana Islands,2012,54306
Northern Mariana Islands,2013,54786
Northern Mariana Islands,2014,55301
Northern Mariana Islands,2015,55779
Northern Mariana Islands,2016,56187
Northern Mariana Islands,2017,56553
Northern Mariana Islands,2018,56889
Northern Mariana Islands,2019,57213
Northern Mariana Islands,2020,57557
Mozambique,2010,23531567
Mozambique,2011,24187500
Mozambique,2012,24862673
Mozambique,2013,25560752
Mozambique,2014,26286192
Mozambique,2015,27042001
Mozambique,2016,27829930
Mozambique,2017,28649007
Mozambique,2018,29496009
Mozambique,2019,30366043
Mozambique,2020,31255435
Mauritania,2010,3494200
Mauritania,2011,3598646
Mauritania,2012,3706555
Mauritania,2013,3817497
Mauritania,2014,3930894
Mauritania,2015,4046304
Mauritania,2016,4163532
Mauritania,2017,4282582
Mauritania,2018,4403312
Mauritania,2019,4525698
Mauritania,2020,4649660
Mauritius,2010,1250400
Mauritius,2011,1252404
Mauritius,2012,1255882
Mauritius,2013,1258653
Mauritius,2014,1260934
Mauritius,2015,1262605
Mauritius,2016,1263473
Mauritius,2017,1264613
Mauritius,2018,1265303
Mauritius,2019,1265711
Mauritius,2020,1265740
Malawi,2010,14539609
Malawi,2011,14962118
Malawi,2012,15396010
Malawi,2013,15839287
Malawi,2014,16289550
Malawi,2015,16745305
Malawi,2016,17205253
Malawi,2017,17670193
Malawi,2018,18143215
Malawi,2019,18628749
Malawi,2020,19129955
Malaysia,2010,28208028
Malaysia,2011,28650962
Malaysia,2012,29068189
Malaysia,2013,29468923
Malaysia,2014,29866606
Malaysia,2015,30270965
Malaysia,2016,30684652
Malaysia,2017,31104655
Malaysia,2018,31528033
Malaysia,2019,31949789
Malaysia,2020,32365998
North America,2010,343397156
North America,2011,345987373
North America,2012,348656682
North America,2013,351207902
North America,2014,353888902
North America,2015,356507139
North America,2016,359245796
North America,2017,361731296
North America,2018,363967296
North America,2019,365987250
North America,2020,367553264
Namibia,2010,2118877
Namibia,2011,2156698
Namibia,2012,2194777
Namibia,2013,2233506
Namibia,2014,2273426
Namibia,2015,2314901
Namibia,2016,2358044
Namibia,2017,2402623
Namibia,2018,2448300
Namibia,2019,2494524
Namibia,2020,2540916
New Caledonia,2010,249750
New Caledonia,2011,254350
New Caledonia,2012,259000
New Caledonia,2013,263650
New Caledonia,2014,268050
New Caledonia,2015,268700
New Caledonia,2016,269350
New Caledonia,2017,270000
New Caledonia,2018,270650
New Caledonia,2019,271300
New Caledonia,2020,271960
Niger,2010,16464025
Niger,2011,17114770
Niger,2012,17795209
Niger,2013,18504287
Niger,2014,19240182
Niger,2015,20001663
Niger,2016,20788789
Niger,2017,21602388
Niger,2018,22442831
Niger,2019,23310719
Niger,2020,24206636
Nigeria,2010,158503203
Nigeria,2011,162805080
Nigeria,2012,167228803
Nigeria,2013,171765819
Nigeria,2014,176404931
Nigeria,2015,181137454
Nigeria,2016,185960244
Nigeria,2017,190873247
Nigeria,2018,195874685
Nigeria,2019,200963603
Nigeria,2020,206139587
Nicaragua,2010,5824058
Nicaragua,2011,5903035
Nicaragua,2012,5982530
Nicaragua,2013,6062462
Nicaragua,2014,6142734
Nicaragua,2015,6223234
Nicaragua,2016,6303970
Nicaragua,2017,6384843
Nicaragua,2018,6465502
Nicaragua,2019,6545503
Nicaragua,2020,6624554
Netherlands,2010,16615394
Netherlands,2011,16693074
Netherlands,2012,16754962
Netherlands,2013,16804432
Netherlands,2014,16865008
Netherlands,2015,16939923
Netherlands,2016,17030314
Netherlands,2017,17131296
Netherlands,2018,17231624
Netherlands,2019,17344874
Netherlands,2020,17441139
Norway,2010,4889252
Norway,2011,4953088
Norway,2012,5018573
Norway,2013,5079623
Norway,2014,5137232
Norway,2015,5188607
Norway,2016,5234519
Norway,2017,5276968
Norway,2018,5311916
Norway,2019,5347896
Norway,2020,5379475
Nepal,2010,27013207
Nepal,2011,27041220
Nepal,2012,26989160
Nepal,2013,26916795
Nepal,2014,26905982
Nepal,2015,27015033
Nepal,2016,27263430
Nepal,2017,27632682
Nepal,2018,28095712
Nepal,2019,28608715
Nepal,2020,29136808
Nauru,2010,10009
Nauru,2011,10069
Nauru,2012,10136
Nauru,2013,10208
Nauru,2014,10289
Nauru,2015,10374
Nauru,2016,10474
Nauru,2017,10577
Nauru,2018,10678
Nauru,2019,10764
Nauru,2020,10834
New Zealand,2010,4350700
New Zealand,2011,4384000
New Zealand,2012,4408100
New Zealand,2013,4442100
New Zealand,2014,4516500
New Zealand,2015,4609400
New Zealand,2016,4714100
New Zealand,2017,4813600
New Zealand,2018,4900600
New Zealand,2019,4979300
New Zealand,2020,5084300
OECD members,2010,1292110708
OECD members,2011,1298723126
OECD members,2012,1306807834
OECD members,2013,1315224394
OECD members,2014,1324034852
OECD members,2015,1332787383
OECD members,2016,1341701902
OECD members,2017,1350048436
OECD members,2018,1358019416
OECD members,2019,1364841892
OECD members,2020,1370858752
Oman,2010,3041435
Oman,2011,3251102
Oman,2012,3498031
Oman,2013,3764805
Oman,2014,4027255
Oman,2015,4267341
Oman,2016,4479217
Oman,2017,4665926
Oman,2018,4829476
Oman,2019,4974992
Oman,2020,5106622
Other small states,2010,26050929
Other small states,2011,26647965
Other small states,2012,27227313
Other small states,2013,27794594
Other small states,2014,28364446
Other small states,2015,28948893
Other small states,2016,29542903
Other small states,2017,30148954
Other small states,2018,30760469
Other small states,2019,31361259
Other small states,2020,31941786
Pakistan,2010,179424643
Pakistan,2011,183340168
Pakistan,2012,187280125
Pakistan,2013,191260799
Pakistan,2014,195305012
Pakistan,2015,199426953
Pakistan,2016,203631356
Pakistan,2017,207906210
Pakistan,2018,212228288
Pakistan,2019,216565317
Pakistan,2020,220892331
Panama,2010,3642691
Panama,2011,3706479
Panama,2012,3770635
Panama,2013,3835447
Panama,2014,3901311
Panama,2015,3968490
Panama,2016,4037073
Panama,2017,4106764
Panama,2018,4176868
Panama,2019,4246440
Panama,2020,4314768
Peru,2010,29027680
Peru,2011,29264314
Peru,2012,29506790
Peru,2013,29773986
Peru,2014,30090372
Peru,2015,30470739
Peru,2016,30926036
Peru,2017,31444299
Peru,2018,31989265
Peru,2019,32510462
Peru,2020,32971846
Philippines,2010,93966784
Philippines,2011,95570049
Philippines,2012,97212639
Philippines,2013,98871558
Philippines,2014,100513137
Philippines,2015,102113206
Philippines,2016,103663812
Philippines,2017,105172921
Philippines,2018,106651394
Philippines,2019,108116622
Philippines,2020,109581085
Palau,2010,17954
Palau,2011,17748
Palau,2012,17635
Palau,2013,17603
Palau,2014,17625
Palau,2015,17665
Palau,2016,17718
Palau,2017,17809
Palau,2018,17911
Palau,2019,18001
Palau,2020,18092
Papua New Guinea,2010,7310512
Papua New Guinea,2011,7472196
Papua New Guinea,2012,7631003
Papua New Guinea,2013,7788388
Papua New Guinea,2014,7946733
Papua New Guinea,2015,8107772
Papua New Guinea,2016,8271766
Papua New Guinea,2017,8438038
Papua New Guinea,2018,8606324
Papua New Guinea,2019,8776119
Papua New Guinea,2020,8947027
Poland,2010,38042794
Poland,2011,38063255
Poland,2012,38063164
Poland,2013,38040196
Poland,2014,38011735
Poland,2015,37986412
Poland,2016,37970087
Poland,2017,37974826
Poland,2018,37974750
Poland,2019,37965475
Poland,2020,37950802
Pre-demographic dividend,2010,731868780
Pre-demographic dividend,2011,753326898
Pre-demographic dividend,2012,775573262
Pre-demographic dividend,2013,798496024
Pre-demographic dividend,2014,821931559
Pre-demographic dividend,2015,845759372
Pre-demographic dividend,2016,869943573
Pre-demographic dividend,2017,894512378
Pre-demographic dividend,2018,919485090
Pre-demographic dividend,2019,944902748
Pre-demographic dividend,2020,970795671
Puerto Rico,2010,3721525
Puerto Rico,2011,3678732
Puerto Rico,2012,3634488
Puerto Rico,2013,3593077
Puerto Rico,2014,3534874
Puerto Rico,2015,3473232
Puerto Rico,2016,3406672
Puerto Rico,2017,3325286
Puerto Rico,2018,3193354
Puerto Rico,2019,3193694
Puerto Rico,2020,3194034
"Korea, Dem. People's Rep.",2010,24548840
"Korea, Dem. People's Rep.",2011,24673392
"Korea, Dem. People's Rep.",2012,24800638
"Korea, Dem. People's Rep.",2013,24929500
"Korea, Dem. People's Rep.",2014,25057793
"Korea, Dem. People's Rep.",2015,25183832
"Korea, Dem. People's Rep.",2016,25307665
"Korea, Dem. People's Rep.",2017,25429816
"Korea, Dem. People's Rep.",2018,25549606
"Korea, Dem. People's Rep.",2019,25666158
"Korea, Dem. People's Rep.",2020,25778815
Portugal,2010,10573100
Portugal,2011,10557560
Portugal,2012,10514844
Portugal,2013,10457295
Portugal,2014,10401062
Portugal,2015,10358076
Portugal,2016,10325452
Portugal,2017,10300300
Portugal,2018,10283822
Portugal,2019,10286263
Portugal,2020,10305564
Paraguay,2010,6248017
Paraguay,2011,6333981
Paraguay,2012,6421510
Paraguay,2013,6510273
Paraguay,2014,6599524
Paraguay,2015,6688746
Paraguay,2016,6777878
Paraguay,2017,6867058
Paraguay,2018,6956069
Paraguay,2019,7044639
Paraguay,2020,7132530
West Bank and Gaza,2010,3786161
West Bank and Gaza,2011,3882986
West Bank and Gaza,2012,3979998
West Bank and Gaza,2013,4076708
West Bank and Gaza,2014,4173398
West Bank and Gaza,2015,4270092
West Bank and Gaza,2016,4367088
West Bank and Gaza,2017,4454805
West Bank and Gaza,2018,4569087
West Bank and Gaza,2019,4685306
West Bank and Gaza,2020,4803269
Pacific island small states,2010,2214509
Pacific island small states,2011,2241808
Pacific island small states,2012,2268553
Pacific island small states,2013,2295450
Pacific island small states,2014,2323558
Pacific island small states,2015,2353578
Pacific island small states,2016,2385744
Pacific island small states,2017,2419767
Pacific island small states,2018,2455336
Pacific island small states,2019,2491878
Pacific island small states,2020,2528958
Post-demographic dividend,2010,1074870583
Post-demographic dividend,2011,1077841980
Post-demographic dividend,2012,1082374116
Post-demographic dividend,2013,1087130325
Post-demographic dividend,2014,1092088238
Post-demographic dividend,2015,1096977604
Post-demographic dividend,2016,1101866343
Post-demographic dividend,2017,1105983497
Post-demographic dividend,2018,1109795203
Post-demographic dividend,2019,1112707633
Post-demographic dividend,2020,1115116448
French Polynesia,2010,266449
French Polynesia,2011,267702
French Polynesia,2012,268995
French Polynesia,2013,270332
French Polynesia,2014,271713
French Polynesia,2015,273119
French Polynesia,2016,274576
French Polynesia,2017,276108
French Polynesia,2018,277673
French Polynesia,2019,279285
French Polynesia,2020,280904
Qatar,2010,1856329
Qatar,2011,2035862
Qatar,2012,2196078
Qatar,2013,2336579
Qatar,2014,2459202
Qatar,2015,2565708
Qatar,2016,2654379
Qatar,2017,2724727
Qatar,2018,2781682
Qatar,2019,2832071
Qatar,2020,2881060
Romania,2010,20246871
Romania,2011,20147528
Romania,2012,20058035
Romania,2013,19983693
Romania,2014,19908979
Romania,2015,19815616
Romania,2016,19702267
Romania,2017,19588715
Romania,2018,19473970
Romania,2019,19371648
Romania,2020,19286123
Russian Federation,2010,142849468
Russian Federation,2011,142960908
Russian Federation,2012,143201721
Russian Federation,2013,143506995
Russian Federation,2014,143819667
Russian Federation,2015,144096870
Russian Federation,2016,144342397
Russian Federation,2017,144496739
Russian Federation,2018,144477859
Russian Federation,2019,144406261
Russian Federation,2020,144104080
Rwanda,2010,10039338
Rwanda,2011,10293333
Rwanda,2012,10549668
Rwanda,2013,10811538
Rwanda,2014,11083629
Rwanda,2015,11369066
Rwanda,2016,11668829
Rwanda,2017,11980960
Rwanda,2018,12301969
Rwanda,2019,12626938
Rwanda,2020,12952209
South Asia,2010,1638792927
South Asia,2011,1661532158
South Asia,2012,1683740452
South Asia,2013,1705761545
South Asia,2014,1727632022
South Asia,2015,1749417067
South Asia,2016,1771187426
South Asia,2017,1792883164
South Asia,2018,1814455018
South Asia,2019,1835776769
South Asia,2020,1856882402
Saudi Arabia,2010,27421468
Saudi Arabia,2011,28267591
Saudi Arabia,2012,29154906
Saudi Arabia,2013,30052058
Saudi Arabia,2014,30916603
Saudi Arabia,2015,31717676
Saudi Arabia,2016,32443443
Saudi Arabia,2017,33101183
Saudi Arabia,2018,33702757
Saudi Arabia,2019,34268529
Saudi Arabia,2020,34813867
Sudan,2010,34545014
Sudan,2011,35349676
Sudan,2012,36193781
Sudan,2013,37072555
Sudan,2014,37977657
Sudan,2015,38902948
Sudan,2016,39847433
Sudan,2017,40813398
Sudan,2018,41801532
Sudan,2019,42813237
Sudan,2020,43849269
Senegal,2010,12678143
Senegal,2011,13033814
Senegal,2012,13401990
Senegal,2013,13782429
Senegal,2014,14174740
Senegal,2015,14578450
Senegal,2016,14993514
Senegal,2017,15419354
Senegal,2018,15854324
Senegal,2019,16296362
Senegal,2020,16743930
Singapore,2010,5076732
Singapore,2011,5183688
Singapore,2012,5312437
Singapore,2013,5399162
Singapore,2014,5469724
Singapore,2015,5535002
Singapore,2016,5607283
Singapore,2017,5612253
Singapore,2018,5638676
Singapore,2019,5703569
Singapore,2020,5685807
Solomon Islands,2010,527861
Solomon Islands,2011,541522
Solomon Islands,2012,556066
Solomon Islands,2013,571329
Solomon Islands,2014,587079
Solomon Islands,2015,603133
Solomon Islands,2016,619438
Solomon Islands,2017,636030
Solomon Islands,2018,652856
Solomon Islands,2019,669821
Solomon Islands,2020,686878
Sierra Leone,2010,6415636
Sierra Leone,2011,6563238
Sierra Leone,2012,6712586
Sierra Leone,2013,6863975
Sierra Leone,2014,7017153
Sierra Leone,2015,7171909
Sierra Leone,2016,7328846
Sierra Leone,2017,7488427
Sierra Leone,2018,7650149
Sierra Leone,2019,7813207
Sierra Leone,2020,7976985
El Salvador,2010,6183877
El Salvador,2011,6210567
El Salvador,2012,6237922
El Salvador,2013,6266076
El Salvador,2014,6295124
El Salvador,2015,6325121
El Salvador,2016,6356137
El Salvador,2017,6388124
El Salvador,2018,6420740
El Salvador,2019,6453550
El Salvador,2020,6486201
San Marino,2010,31221
San Marino,2011,31655
San Marino,2012,32103
San Marino,2013,32554
San Marino,2014,32941
San Marino,2015,33270
San Marino,2016,33503
San Marino,2017,33671
San Marino,2018,33784
San Marino,2019,33864
San Marino,2020,33938
Somalia,2010,12043886
Somalia,2011,12376305
Somalia,2012,12715487
Somalia,2013,13063711
Somalia,2014,13423571
Somalia,2015,13797204
Somalia,2016,14185635
Somalia,2017,14589165
Somalia,2018,15008225
Somalia,2019,15442906
Somalia,2020,15893219
Serbia,2010,7291436
Serbia,2011,7234099
Serbia,2012,7199077
Serbia,2013,7164132
Serbia,2014,7130576
Serbia,2015,7095383
Serbia,2016,7058322
Serbia,2017,7020858
Serbia,2018,6982604
Serbia,2019,6945235
Serbia,2020,6908224
Sub-Saharan Africa (excluding high income),2010,868935345
Sub-Saharan Africa (excluding high income),2011,892958422
Sub-Saharan Africa (excluding high income),2012,917637577
Sub-Saharan Africa (excluding high income),2013,942949525
Sub-Saharan Africa (excluding high income),2014,968866993
Sub-Saharan Africa (excluding high income),2015,995365079
Sub-Saharan Africa (excluding high income),2016,1022435568
Sub-Saharan Africa (excluding high income),2017,1050066967
Sub-Saharan Africa (excluding high income),2018,1078222750
Sub-Saharan Africa (excluding high income),2019,1106860245
Sub-Saharan Africa (excluding high income),2020,1135948313
South Sudan,2010,9508372
South Sudan,2011,9830695
South Sudan,2012,10113648
South Sudan,2013,10355030
South Sudan,2014,10554882
South Sudan,2015,10715657
South Sudan,2016,10832520
South Sudan,2017,10910774
South Sudan,2018,10975924
South Sudan,2019,11062114
South Sudan,2020,11193729
Sub-Saharan Africa,2010,869025115
Sub-Saharan Africa,2011,893045863
Sub-Saharan Africa,2012,917725880
Sub-Saharan Africa,2013,943039474
Sub-Saharan Africa,2014,968958352
Sub-Saharan Africa,2015,995458498
Sub-Saharan Africa,2016,1022530245
Sub-Saharan Africa,2017,1050162810
Sub-Saharan Africa,2018,1078319512
Sub-Saharan Africa,2019,1106957870
Sub-Saharan Africa,2020,1136046775
Small states,2010,35238631
Small states,2011,35912140
Small states,2012,36568506
Small states,2013,37213359
Small states,2014,37861447
Small states,2015,38524668
Small states,2016,39198032
Small states,2017,39883677
Small states,2018,40574734
Small states,2019,41254526
Small states,2020,41913035
Sao Tome and Principe,2010,180372
Sao Tome and Principe,2011,184521
Sao Tome and Principe,2012,188394
Sao Tome and Principe,2013,192076
Sao Tome and Principe,2014,195727
Sao Tome and Principe,2015,199439
Sao Tome and Principe,2016,203221
Sao Tome and Principe,2017,207086
Sao Tome and Principe,2018,211032
Sao Tome and Principe,2019,215048
Sao Tome and Principe,2020,219161
Suriname,2010,529126
Suriname,2011,535177
Suriname,2012,541247
Suriname,2013,547295
Suriname,2014,553278
Suriname,2015,559136
Suriname,2016,564883
Suriname,2017,570501
Suriname,2018,575987
Suriname,2019,581363
Suriname,2020,586634
Slovak Republic,2010,5391428
Slovak Republic,2011,5398384
Slovak Republic,2012,5407579
Slovak Republic,2013,5413393
Slovak Republic,2014,5418649
Slovak Republic,2015,5423801
Slovak Republic,2016,5430798
Slovak Republic,2017,5439232
Slovak Republic,2018,5446771
Slovak Republic,2019,5454147
Slovak Republic,2020,5458827
Slovenia,2010,2048583
Slovenia,2011,2052843
Slovenia,2012,2057159
Slovenia,2013,2059953
Slovenia,2014,2061980
Slovenia,2015,2063531
Slovenia,2016,2065042
Slovenia,2017,2066388
Slovenia,2018,2073894
Slovenia,2019,2088385
Slovenia,2020,2100126
Sweden,2010,9378126
Sweden,2011,9449213
Sweden,2012,9519374
Sweden,2013,9600379
Sweden,2014,9696110
Sweden,2015,9799186
Sweden,2016,9923085
Sweden,2017,10057698
Sweden,2018,10175214
Sweden,2019,10278887
Sweden,2020,10353442
Eswatini,2010,1064841
Eswatini,2011,1072029
Eswatini,2012,1079285
Eswatini,2013,1086843
Eswatini,2014,1095022
Eswatini,2015,1104038
Eswatini,2016,1113994
Eswatini,2017,1124808
Eswatini,2018,1136274
Eswatini,2019,1148133
Eswatini,2020,1160164
Sint Maarten (Dutch part),2010,34056
Sint Maarten (Dutch part),2011,33435
Sint Maarten (Dutch part),2012,34640
Sint Maarten (Dutch part),2013,36607
Sint Maarten (Dutch part),2014,37685
Sint Maarten (Dutch part),2015,38825
Sint Maarten (Dutch part),2016,39969
Sint Maarten (Dutch part),2017,40574
Sint Maarten (Dutch part),2018,40654
Sint Maarten (Dutch part),2019,40733
Sint Maarten (Dutch part),2020,40812
Seychelles,2010,89770
Seychelles,2011,87441
Seychelles,2012,88303
Seychelles,2013,89949
Seychelles,2014,91359
Seychelles,2015,93419
Seychelles,2016,94677
Seychelles,2017,95843
Seychelles,2018,96762
Seychelles,2019,97625
Seychelles,2020,98462
Syrian Arab Republic,2010,21362541
Syrian Arab Republic,2011,21081814
Syrian Arab Republic,2012,20438861
Syrian Arab Republic,2013,19578466
Syrian Arab Republic,2014,18710711
Syrian Arab Republic,2015,17997411
Syrian Arab Republic,2016,17465567
Syrian Arab Republic,2017,17095669
Syrian Arab Republic,2018,16945062
Syrian Arab Republic,2019,17070132
Syrian Arab Republic,2020,17500657
Turks and Caicos Islands,2010,32658
Turks and Caicos Islands,2011,33371
Turks and Caicos Islands,2012,34067
Turks and Caicos Islands,2013,34733
Turks and Caicos Islands,2014,35371
Turks and Caicos Islands,2015,35979
Turks and Caicos Islands,2016,36558
Turks and Caicos Islands,2017,37116
Turks and Caicos Islands,2018,37667
Turks and Caicos Islands,2019,38194
Turks and Caicos Islands,2020,38718
Chad,2010,11952134
Chad,2011,12360986
Chad,2012,12784748
Chad,2013,13220433
Chad,2014,13663562
Chad,2015,14110971
Chad,2016,14561658
Chad,2017,15016761
Chad,2018,15477727
Chad,2019,15946882
Chad,2020,16425859
East Asia & Pacific (IDA & IBRD countries),2010,1941377365
East Asia & Pacific (IDA & IBRD countries),2011,1955333874
East Asia & Pacific (IDA & IBRD countries),2012,1969561377
East Asia & Pacific (IDA & IBRD countries),2013,1983961912
East Asia & Pacific (IDA & IBRD countries),2014,1998510237
East Asia & Pacific (IDA & IBRD countries),2015,2012978425
East Asia & Pacific (IDA & IBRD countries),2016,2027772092
East Asia & Pacific (IDA & IBRD countries),2017,2042693823
East Asia & Pacific (IDA & IBRD countries),2018,2056073849
East Asia & Pacific (IDA & IBRD countries),2019,2067982370
East Asia & Pacific (IDA & IBRD countries),2020,2079198305
Europe & Central Asia (IDA & IBRD countries),2010,440420863
Europe & Central Asia (IDA & IBRD countries),2011,442655860
Europe & Central Asia (IDA & IBRD countries),2012,444896570
Europe & Central Asia (IDA & IBRD countries),2013,447365261
Europe & Central Asia (IDA & IBRD countries),2014,449817266
Europe & Central Asia (IDA & IBRD countries),2015,452301310
Europe & Central Asia (IDA & IBRD countries),2016,454723324
Europe & Central Asia (IDA & IBRD countries),2017,456992326
Europe & Central Asia (IDA & IBRD countries),2018,458994120
Europe & Central Asia (IDA & IBRD countries),2019,460791608
Europe & Central Asia (IDA & IBRD countries),2020,462247461
Togo,2010,6421674
Togo,2011,6595939
Togo,2012,6773807
Togo,2013,6954721
Togo,2014,7137997
Togo,2015,7323162
Togo,2016,7509952
Togo,2017,7698476
Togo,2018,7889095
Togo,2019,8082359
Togo,2020,8278737
Thailand,2010,67195032
Thailand,2011,67518379
Thailand,2012,67835969
Thailand,2013,68144519
Thailand,2014,68438748
Thailand,2015,68714519
Thailand,2016,68971313
Thailand,2017,69209817
Thailand,2018,69428454
Thailand,2019,69625581
Thailand,2020,69799978
Tajikistan,2010,7527397
Tajikistan,2011,7697507
Tajikistan,2012,7874838
Tajikistan,2013,8059782
Tajikistan,2014,8252828
Tajikistan,2015,8454019
Tajikistan,2016,8663575
Tajikistan,2017,8880270
Tajikistan,2018,9100847
Tajikistan,2019,9321023
Tajikistan,2020,9537642
Turkmenistan,2010,5087211
Turkmenistan,2011,5174076
Turkmenistan,2012,5267906
Turkmenistan,2013,5366376
Turkmenistan,2014,5466324
Turkmenistan,2015,5565283
Turkmenistan,2016,5662371
Turkmenistan,2017,5757667
Turkmenistan,2018,5850902
Turkmenistan,2019,5942094
Turkmenistan,2020,6031187
Latin America & the Caribbean (IDA & IBRD countries),2010,573800616
Latin America & the Caribbean (IDA & IBRD countries),2011,580428448
Latin America & the Caribbean (IDA & IBRD countries),2012,586999600
Latin America & the Caribbean (IDA & IBRD countries),2013,593506947
Latin America & the Caribbean (IDA & IBRD countries),2014,599935349
Latin America & the Caribbean (IDA & IBRD countries),2015,606271936
Latin America & the Caribbean (IDA & IBRD countries),2016,612511541
Latin America & the Caribbean (IDA & IBRD countries),2017,618653508
Latin America & the Caribbean (IDA & IBRD countries),2018,624698076
Latin America & the Caribbean (IDA & IBRD countries),2019,630644771
Latin America & the Caribbean (IDA & IBRD countries),2020,636492840
Timor-Leste,2010,1093517
Timor-Leste,2011,1113154
Timor-Leste,2012,1133002
Timor-Leste,2013,1153288
Timor-Leste,2014,1174333
Timor-Leste,2015,1196294
Timor-Leste,2016,1219289
Timor-Leste,2017,1243260
Timor-Leste,2018,1267975
Timor-Leste,2019,1293120
Timor-Leste,2020,1318442
Middle East & North Africa (IDA & IBRD countries),2010,328991681
Middle East & North Africa (IDA & IBRD countries),2011,334930074
Middle East & North Africa (IDA & IBRD countries),2012,341018430
Middle East & North Africa (IDA & IBRD countries),2013,347213697
Middle East & North Africa (IDA & IBRD countries),2014,353456440
Middle East & North Africa (IDA & IBRD countries),2015,359705464
Middle East & North Africa (IDA & IBRD countries),2016,365926929
Middle East & North Africa (IDA & IBRD countries),2017,372133652
Middle East & North Africa (IDA & IBRD countries),2018,378386080
Middle East & North Africa (IDA & IBRD countries),2019,384771769
Middle East & North Africa (IDA & IBRD countries),2020,391344574
Tonga,2010,103981
Tonga,2011,103558
Tonga,2012,102736
Tonga,2013,101768
Tonga,2014,101023
Tonga,2015,100780
Tonga,2016,101143
Tonga,2017,102002
Tonga,2018,103199
Tonga,2019,104497
Tonga,2020,105697
South Asia (IDA & IBRD),2010,1638792927
South Asia (IDA & IBRD),2011,1661532158
South Asia (IDA & IBRD),2012,1683740452
South Asia (IDA & IBRD),2013,1705761545
South Asia (IDA & IBRD),2014,1727632022
South Asia (IDA & IBRD),2015,1749417067
South Asia (IDA & IBRD),2016,1771187426
South Asia (IDA & IBRD),2017,1792883164
South Asia (IDA & IBRD),2018,1814455018
South Asia (IDA & IBRD),2019,1835776769
South Asia (IDA & IBRD),2020,1856882402
Sub-Saharan Africa (IDA & IBRD countries),2010,869025115
Sub-Saharan Africa (IDA & IBRD countries),2011,893045863
Sub-Saharan Africa (IDA & IBRD countries),2012,917725880
Sub-Saharan Africa (IDA & IBRD countries),2013,943039474
Sub-Saharan Africa (IDA & IBRD countries),2014,968958352
Sub-Saharan Africa (IDA & IBRD countries),2015,995458498
Sub-Saharan Africa (IDA & IBRD countries),2016,1022530245
Sub-Saharan Africa (IDA & IBRD countries),2017,1050162810
Sub-Saharan Africa (IDA & IBRD countries),2018,1078319512
Sub-Saharan Africa (IDA & IBRD countries),2019,1106957870
Sub-Saharan Africa (IDA & IBRD countries),2020,1136046775
Trinidad and Tobago,2010,1328144
Trinidad and Tobago,2011,1336180
Trinidad and Tobago,2012,1344814
Trinidad and Tobago,2013,1353708
Trinidad and Tobago,2014,1362337
Trinidad and Tobago,2015,1370332
Trinidad and Tobago,2016,1377563
Trinidad and Tobago,2017,1384060
Trinidad and Tobago,2018,1389841
Trinidad and Tobago,2019,1394969
Trinidad and Tobago,2020,1399491
Tunisia,2010,10635245
Tunisia,2011,10741872
Tunisia,2012,10846993
Tunisia,2013,10952949
Tunisia,2014,11063195
Tunisia,2015,11179951
Tunisia,2016,11303942
Tunisia,2017,11433438
Tunisia,2018,11565203
Tunisia,2019,11694721
Tunisia,2020,11818618
Turkey,2010,72326992
Turkey,2011,73443254
Turkey,2012,74651046
Turkey,2013,75925454
Turkey,2014,77229262
Turkey,2015,78529413
Turkey,2016,79827868
Turkey,2017,81116451
Turkey,2018,82340090
Turkey,2019,83429607
Turkey,2020,84339067
Tuvalu,2010,10521
Tuvalu,2011,10626
Tuvalu,2012,10744
Tuvalu,2013,10849
Tuvalu,2014,10973
Tuvalu,2015,11099
Tuvalu,2016,11232
Tuvalu,2017,11365
Tuvalu,2018,11505
Tuvalu,2019,11655
Tuvalu,2020,11792
Tanzania,2010,44346532
Tanzania,2011,45673520
Tanzania,2012,47053033
Tanzania,2013,48483132
Tanzania,2014,49960563
Tanzania,2015,51482638
Tanzania,2016,53049231
Tanzania,2017,54660345
Tanzania,2018,56313444
Tanzania,2019,58005461
Tanzania,2020,59734213
Uganda,2010,32428164
Uganda,2011,33476772
Uganda,2012,34558700
Uganda,2013,35694519
Uganda,2014,36911530
Uganda,2015,38225447
Uganda,2016,39649173
Uganda,2017,41166588
Uganda,2018,42729032
Uganda,2019,44269587
Uganda,2020,45741000
Ukraine,2010,45870741
Ukraine,2011,45706086
Ukraine,2012,45593342
Ukraine,2013,45489648
Ukraine,2014,45272155
Ukraine,2015,45154036
Ukraine,2016,45004673
Ukraine,2017,44831135
Ukraine,2018,44622518
Ukraine,2019,44386203
Ukraine,2020,44134693
Upper middle income,2010,2346583878
Upper middle income,2011,2363223603
Upper middle income,2012,2380514071
Upper middle income,2013,2398238099
Upper middle income,2014,2416209716
Upper middle income,2015,2434023245
Upper middle income,2016,2452128845
Upper middle income,2017,2470251443
Upper middle income,2018,2486467779
Upper middle income,2019,2500746096
Upper middle income,2020,2513672792
Uruguay,2010,3359273
Uruguay,2011,3368926
Uruguay,2012,3378975
Uruguay,2013,3389436
Uruguay,2014,3400439
Uruguay,2015,3412013
Uruguay,2016,3424139
Uruguay,2017,3436645
Uruguay,2018,3449290
Uruguay,2019,3461731
Uruguay,2020,3473727
United States,2010,309327143
United States,2011,311583481
United States,2012,313877662
United States,2013,316059947
United States,2014,318386329
United States,2015,320738994
United States,2016,323071755
United States,2017,325122128
United States,2018,326838199
United States,2019,328329953
United States,2020,329484123
Uzbekistan,2010,28562400
Uzbekistan,2011,29339400
Uzbekistan,2012,29774500
Uzbekistan,2013,30243200
Uzbekistan,2014,30757700
Uzbekistan,2015,31298900
Uzbekistan,2016,31847900
Uzbekistan,2017,32388600
Uzbekistan,2018,32956100
Uzbekistan,2019,33580350
Uzbekistan,2020,34232050
St. Vincent and the Grenadines,2010,108260
St. Vincent and the Grenadines,2011,108315
St. Vincent and the Grenadines,2012,108435
St. Vincent and the Grenadines,2013,108624
St. Vincent and the Grenadines,2014,108868
St. Vincent and the Grenadines,2015,109135
St. Vincent and the Grenadines,2016,109467
St. Vincent and the Grenadines,2017,109826
St. Vincent and the Grenadines,2018,110210
St. Vincent and the Grenadines,2019,110593
St. Vincent and the Grenadines,2020,110947
"Venezuela, RB",2010,28439942
"Venezuela, RB",2011,28887873
"Venezuela, RB",2012,29360827
"Venezuela, RB",2013,29781046
"Venezuela, RB",2014,30042973
"Venezuela, RB",2015,30081827
"Venezuela, RB",2016,29851249
"Venezuela, RB",2017,29402480
"Venezuela, RB",2018,28887117
"Venezuela, RB",2019,28515829
"Venezuela, RB",2020,28435943
British Virgin Islands,2010,27796
British Virgin Islands,2011,28326
British Virgin Islands,2012,28654
British Virgin Islands,2013,28850
British Virgin Islands,2014,28985
British Virgin Islands,2015,29148
British Virgin Islands,2016,29355
British Virgin Islands,2017,29567
British Virgin Islands,2018,29795
British Virgin Islands,2019,30033
British Virgin Islands,2020,30237
Virgin Islands (U.S.),2010,108357
Virgin Islands (U.S.),2011,108290
Virgin Islands (U.S.),2012,108188
Virgin Islands (U.S.),2013,108041
Virgin Islands (U.S.),2014,107882
Virgin Islands (U.S.),2015,107712
Virgin Islands (U.S.),2016,107516
Virgin Islands (U.S.),2017,107281
Virgin Islands (U.S.),2018,107001
Virgin Islands (U.S.),2019,106669
Virgin Islands (U.S.),2020,106290
Vietnam,2010,87967655
Vietnam,2011,88871384
Vietnam,2012,89801926
Vietnam,2013,90752593
Vietnam,2014,91713850
Vietnam,2015,92677082
Vietnam,2016,93640435
Vietnam,2017,94600643
Vietnam,2018,95545959
Vietnam,2019,96462108
Vietnam,2020,97338583
Vanuatu,2010,236216
Vanuatu,2011,242658
Vanuatu,2012,249505
Vanuatu,2013,256637
Vanuatu,2014,263888
Vanuatu,2015,271128
Vanuatu,2016,278326
Vanuatu,2017,285499
Vanuatu,2018,292675
Vanuatu,2019,299882
Vanuatu,2020,307150
World,2010,6921877071
World,2011,7002880914
World,2012,7085790438
World,2013,7169675197
World,2014,7254292848
World,2015,7339076654
World,2016,7424484741
World,2017,7509410228
World,2018,7592475615
World,2019,7673345391
World,2020,7752840547
Samoa,2010,185944
Samoa,2011,187469
Samoa,2012,189089
Samoa,2013,190712
Samoa,2014,192220
Samoa,2015,193510
Samoa,2016,194540
Samoa,2017,195358
Samoa,2018,196128
Samoa,2019,197093
Samoa,2020,198410
Kosovo,2010,1775680
Kosovo,2011,1791000
Kosovo,2012,1807106
Kosovo,2013,1818117
Kosovo,2014,1812771
Kosovo,2015,1788196
Kosovo,2016,1777557
Kosovo,2017,1791003
Kosovo,2018,1797085
Kosovo,2019,1788878
Kosovo,2020,1775378
"Yemen, Rep.",2010,23154854
"Yemen, Rep.",2011,23807586
"Yemen, Rep.",2012,24473176
"Yemen, Rep.",2013,25147112
"Yemen, Rep.",2014,25823488
"Yemen, Rep.",2015,26497881
"Yemen, Rep.",2016,27168210
"Yemen, Rep.",2017,27834811
"Yemen, Rep.",2018,28498683
"Yemen, Rep.",2019,29161922
"Yemen, Rep.",2020,29825968
South Africa,2010,51216967
South Africa,2011,52003759
South Africa,2012,52832659
South Africa,2013,53687125
South Africa,2014,54544184
South Africa,2015,55386369
South Africa,2016,56207649
South Africa,2017,57009751
South Africa,2018,57792520
South Africa,2019,58558267
South Africa,2020,59308690
Zambia,2010,13605986
Zambia,2011,14023199
Zambia,2012,14465148
Zambia,2013,14926551
Zambia,2014,15399793
Zambia,2015,15879370
Zambia,2016,16363449
Zambia,2017,16853608
Zambia,2018,17351714
Zambia,2019,17861034
Zambia,2020,18383956
Zimbabwe,2010,12697728
Zimbabwe,2011,12894323
Zimbabwe,2012,13115149
Zimbabwe,2013,13350378
Zimbabwe,2014,13586710
Zimbabwe,2015,13814642
Zimbabwe,2016,14030338
Zimbabwe,2017,14236599
Zimbabwe,2018,14438812
Zimbabwe,2019,14645473
Zimbabwe,2020,14862927
